Kerncijfers wijken en buurten 2016;;;;;;;;;;;;;;;;;;;;;;;;;;;;;;;;;;;;;;;;;;;;;;;;;;;;;;;;;;;;;;;;;;;;;;;;;;;;;;;;;;;;;;;;;;;;;;;;;;;;;;;;;;;;;;
;;;;;;;;;;;;;;;;;;;;;;;;;;;;;;;;;;;;;;;;;;;;;;;;;;;;;;;;;;;;;;;;;;;;;;;;;;;;;;;;;;;;;;;;;;;;;;;;;;;;;;;;;;;;;;
;Onderwerp;;;;;;;;;;;;;;;;;;;;;;;;;;;;;;;;;;;;;;;;;;;;;;;;;;;;;;;;;;;;;;;;;;;;;;;;;;;;;;;;;;;;;;;;;;;;;;;;;;;;;;;;;;;;;
;||Gemeentenaam;Soort regio;Codering;Jaar;Indelingswijziging wijken en buurten;||Aantal inwoners;|||Mannen;||Vrouwen;|||0 tot 15 jaar;||15 tot 25 jaar;||25 tot 45 jaar;||45 tot 65 jaar;||65 jaar of ouder;|||Ongehuwd;||Gehuwd;||Gescheiden;||Verweduwd;|||Westers totaal;||||Niet-westers totaal;|||Marokko;|||Nederlandse Antillen en Aruba;|||Suriname;|||Turkije;|||Overig niet-westers;|||Geboorte totaal;||Geboorte relatief;||Sterfte totaal;||Sterfte relatief;|||Huishoudens totaal;||Eenpersoonshuishoudens;||Huishoudens zonder kinderen;||Huishoudens met kinderen;||Gemiddelde huishoudensgrootte;Bevolkingsdichtheid;||Woningvoorraad;Gemiddelde woningwaarde;||Percentage eengezinswoning;||Percentage meergezinswoning;|||Percentage bewoond;||Percentage onbewoond;|||Koopwoningen;||||Huurwoningen totaal;|||In bezit woningcorporatie;|||In bezit overige verhuurders;||Eigendom onbekend;|||Bouwjaar voor 2000;||Bouwjaar vanaf 2000;||||Gemiddeld elektriciteitsverbruik totaal;||||Appartement;|||Tussenwoning;|||Hoekwoning;|||Twee-onder-één-kap-woning;|||Vrijstaande woning;||||Huurwoning;|||Eigen woning;|||Gemiddeld aardgasverbruik totaal;||||Appartement;|||Tussenwoning;|||Hoekwoning;|||Twee-onder-één-kap-woning;|||Vrijstaande woning;||||Huurwoning;|||Eigen woning;||Percentage woningen met stadsverwarming;||||Aantal inkomensontvangers  ;||Gemiddeld inkomen per inkomensontvanger ;||Gemiddeld inkomen per inwoner ;||40% personen met laagste inkomen;||20% personen met hoogste inkomen;||Actieven 15-75 jaar;|||40% huishoudens met laagste inkomen;||20% huishoudens met hoogste inkomen;||Huishoudens met een laag inkomen;||Huish. onder of rond sociaal minimum;"||Personen per soort uitkering; Bijstand";"Personen per soort uitkering; AO";"Personen per soort uitkering; WW";"Personen per soort uitkering; AOW";||Bedrijfsvestigingen totaal;|||A Landbouw, bosbouw en visserij;||B-F Nijverheid en energie;||G+I Handel en horeca;||H+J Vervoer, informatie en communicatie;||K-L Financiële diensten, onroerend goed;||M-N Zakelijke dienstverlening;||R-U Cultuur, recreatie, overige diensten;||||Personenauto's totaal;"||||Personenauto's; jonger dan 6 jaar";"|||Personenauto's; 6 jaar en ouder";"||||Personenauto's; brandstof benzine";"|||Personenauto's; overige brandstof";||Personenauto's per huishouden;||Personenauto's naar oppervlakte;Bedrijfsmotorvoertuigen;Motorfietsen;||Afstand tot huisartsenpraktijk;Afstand tot grote supermarkt;Afstand tot kinderdagverblijf;||Afstand tot school;||Scholen binnen 3 km;||Oppervlakte totaal;Oppervlakte land;Oppervlakte water;||Meest voorkomende postcode;Dekkingspercentage;||Mate van stedelijkheid;Omgevingsadressendichtheid;||Totaal diefstal uit woning/schuur/e.d.;Vernieling, misdrijf tegen openbare orde;Gewelds- en seksuele misdrijven
Wijken en buurten;naam;omschrijving;code;;code;aantal;aantal;aantal;aantal;aantal;aantal;aantal;aantal;aantal;aantal;aantal;aantal;aantal;aantal;aantal;aantal;aantal;aantal;aantal;aantal;per 1 000 inwoners;aantal;per 1 000 inwoners;aantal;aantal;aantal;aantal;aantal;aantal inwoners per km²;aantal;x 1 000 euro;%;%;%;%;%;%;%;%;%;%;%;kWh;kWh;kWh;kWh;kWh;kWh;kWh;kWh;m³;m³;m³;m³;m³;m³;m³;m³;%;aantal;x 1 000 euro;x 1 000 euro;%;%;%;%;%;%;%;aantal;aantal;aantal;aantal;aantal;aantal;aantal;aantal;aantal;aantal;aantal;aantal;aantal;aantal;aantal;aantal;aantal;per huishouden;per km²;aantal;aantal;km;km;km;km;aantal;ha;ha;ha;code;code;code;per km²;per 1 000 inwoners;per 1 000 inwoners;per 1 000 inwoners
Rotterdam;Rotterdam;Gemeente;GM0599;2016;.;629606;310200;319406;103138;84780;191543;155144;95001;350797;188873;61648;28288;76908;236689;43064;23859;52584;47778;69404;8060;13;5598;9;318219;152561;71711;93947;2;2920;311168;148;25;75;94;6;35;64;44;20;2;89;11;2440;2120;3140;3290;4030;4990;2130;2950;870;770;1060;1310;1790;2680;830;1000;17,1;481100;28,9;22,8;45,2;17,9;54,3;54,2;13,1;15;14,7;41910;25810;15990;91930;52930;325;6795;11590;5840;4660;15845;7875;216050;68265;147785;179415;36635;0,7;1002;23500;12000;0,6;0,5;0,5;0,5;23,7;32416;21564;10852;.;.;1;3968;6;8;9
Rotterdam Centrum;Rotterdam;Wijk;WK059901;2016;3;32925;17065;15855;3085;5100;13735;6875;4130;21980;7155;2915;885;5845;12065;1940;960;2415;1630;5115;455;14;220;7;20660;12775;4785;3110;1,6;7948;19518;171;1;99;90;10;29;69;29;40;2;83;17;2110;2060;3570;2850;.;.;1960;2280;270;280;890;590;.;550;320;230;63,1;26900;35,9;30,8;39,5;28;59,7;52,9;15,2;12,7;12,9;1830;1010;730;3960;7780;10;335;1955;770;925;2810;975;13515;7185;6330;9935;3580;0,7;3263;1245;645;0,5;0,3;0,3;0,5;40,9;488;414;74;.;.;1;6199;5;13;29
Stadsdriehoek;Rotterdam;Buurt;BU05990110;2016;1;14825;7725;7100;1125;2175;6995;2795;1735;10195;3170;1110;360;3020;3625;310;320;700;350;1945;240;16;75;5;9805;6135;2565;1115;1,5;10914;9394;182;0;100;91;9;35;63;17;46;1;74;26;2090;2080;2350;1770;.;.;1990;2210;80;90;.;.;.;.;80;110;82,7;12500;41,8;36,7;29,6;36,1;67,6;45;18,6;7,1;7,1;370;350;320;1670;3425;5;145;790;345;395;1385;355;8210;5195;3015;5955;2255;0,8;6042;660;385;0,5;0,3;0,4;0,7;40,8;173;136;37;3011;1;1;6383;2;12;20
Oude Westen;Rotterdam;Buurt;BU05990111;2016;1;9350;4740;4610;1325;1480;2860;2365;1320;5785;2210;1085;275;1140;5475;1300;250;1170;1000;1750;85;9;80;9;4980;2765;895;1325;1,8;16509;4646;127;2;98;93;7;18;78;59;19;4;99;1;2070;2030;3420;.;.;.;1970;2420;950;940;1530;.;.;.;950;1000;.;7200;24,1;19,4;57,4;12,6;45,5;67,2;8;24,6;25,7;1100;440;230;1270;1145;0;80;295;80;75;360;255;2280;670;1605;1750;530;0,5;4024;360;105;0,3;0,3;0,2;0,3;43,3;57;57;0;3014;2;1;6397;9;10;13
Cool;Rotterdam;Buurt;BU05990112;2016;1;5395;2780;2610;430;655;2535;1060;710;3645;1020;555;180;985;2000;305;170;405;225;895;100;19;45;9;3495;2230;795;475;1,5;8842;3346;158;1;99;86;14;23;76;27;49;1;85;15;1900;1900;4130;.;.;.;1870;2020;150;150;350;.;.;.;150;160;76,1;4500;35;30,7;38;27,8;63,2;53,4;13,4;13,7;13,9;330;170;130;670;1620;0;55;605;160;140;435;225;1575;595;980;1180;395;0,5;2581;120;80;0,7;0,2;0,3;0,5;42,5;61;61;0;3012;1;1;6283;6;23;70
Cs Kwartier;Rotterdam;Buurt;BU05990113;2016;1;1060;600;460;70;150;515;235;90;735;255;55;20;265;405;5;35;50;20;285;10;9;5;5;740;500;170;75;1,4;2609;608;170;0;100;90;10;45;54;1;53;1;100;0;1970;1970;.;.;.;.;1830;2090;.;.;.;.;.;.;.;.;98,3;700;45;38,1;28,2;37,3;64,1;40,3;18;3,7;2,9;0;20;20;90;500;0;10;80;85;80;190;55;385;195;190;275;115;0,5;947;20;25;0,7;0,6;0,3;0,7;43,3;41;41;0;3013;1;1;7003;2;19;96
Nieuwe Werk;Rotterdam;Buurt;BU05990118;2016;3;1575;870;705;95;440;450;360;230;1025;420;95;45;340;260;15;55;40;20;130;10;8;5;3;1075;705;285;90;1,5;2258;954;376;3;97;84;16;45;53;7;45;3;80;20;2890;2790;5270;.;.;.;2470;3020;180;150;650;.;.;820;280;150;80,2;1300;46,5;41;41,9;35,6;51,9;52,9;26,8;7,8;6,3;10;20;10;220;910;0;40;160;85;210;360;55;880;470;410;630;250;0,8;1261;75;40;0,5;0,5;0,4;0,9;24,1;104;70;34;3016;1;1;3472;2;13;15
Dijkzigt;Rotterdam;Buurt;BU05990119;2016;1;710;340;365;40;200;375;55;40;605;75;25;10;85;295;0;130;40;10;105;5;7;0;3;555;450;85;30;1,3;1419;570;124;2;98;95;5;11;88;44;45;0;87;13;2040;1890;.;.;.;.;1520;2970;200;220;40;.;.;.;70;610;69,5;600;27,3;24,7;50,9;19,3;53;74,1;7,8;10,6;8,3;10;10;10;40;175;0;10;25;10;25;75;30;190;65;125;150;40;0,3;375;15;10;0,6;0,6;0,5;0,7;32,2;52;50;2;3015;1;1;5416;3;14;38
Delfshaven;Rotterdam;Wijk;WK059903;2016;3;75445;38650;36790;12900;12615;25875;17230;6820;47650;18615;7475;1715;10020;42880;9930;2655;7775;10085;12430;1010;13;335;4;38565;19950;7305;11320;1,9;14635;35081;120;4;96;94;6;27;70;47;23;2;90;10;2200;2140;3210;2620;4510;.;2040;2490;960;950;1510;1500;.;.;960;980;6,3;56800;24,3;18,8;53;12,6;50,9;62,7;8,7;21,2;20,5;6920;3110;2070;6540;6220;45;665;1125;690;300;2085;1315;18160;3315;14845;14735;3420;0,5;3523;1470;890;0,3;0,4;0,4;0,3;32,5;596;516;81;.;.;1;5553;5;7;11
Delfshaven;Rotterdam;Buurt;BU05990320;2016;1;6835;3620;3215;920;1350;2715;1375;480;4930;1090;715;110;965;3305;560;570;655;465;1055;80;12;25;4;3955;2460;690;815;1,6;15964;3551;109;2;98;95;5;18;69;51;18;14;96;4;2130;2050;2820;1880;.;.;2010;2230;1030;960;1510;1640;.;.;1000;900;.;5100;23,5;19,1;54,7;12,1;49,3;70,5;6,1;21,6;20,1;710;240;170;450;655;0;55;95;80;25;230;165;1500;235;1265;1260;240;0,4;3502;95;105;0,5;0,5;0,6;0,4;29;55;43;12;3024;1;1;4907;3;7;13
Bospolder;Rotterdam;Buurt;BU05990321;2016;1;7135;3650;3485;1330;1200;2075;1820;710;4195;2060;710;180;735;5025;1315;210;800;1490;1205;85;12;30;4;3350;1595;565;1200;2,1;20927;3199;108;8;92;95;5;17;82;64;18;1;86;14;2190;2110;3180;2430;.;.;2090;2670;1030;1010;1160;1390;.;.;1020;1050;.;5300;20,7;15,5;59,3;8;42,3;68,1;7,3;27,6;26;880;390;200;680;410;10;60;95;40;20;110;80;1500;245;1255;1190;310;0,4;4391;140;75;0,4;0,3;0,3;0,2;28,8;34;34;0;3025;1;1;5403;7;6;11
Tussendijken;Rotterdam;Buurt;BU05990322;2016;1;7045;3555;3490;1235;1140;2225;1630;815;4245;1770;795;240;890;4665;1225;225;775;1240;1195;95;14;40;6;3600;1900;625;1080;1,9;19125;3389;95;1;99;94;6;12;86;62;23;3;91;9;2010;2000;2990;.;.;.;1970;2290;1020;1010;1400;.;.;.;1010;1090;.;5300;19,7;15,1;62,2;6,6;43,3;72,3;4,1;28,6;29,5;850;410;190;790;590;5;80;150;60;25;165;110;1415;180;1240;1110;310;0,4;3846;160;35;0,3;0,4;0,3;0,2;30,7;40;37;3;3026;1;1;6271;7;8;12
Spangen;Rotterdam;Buurt;BU05990323;2016;1;10285;5190;5095;2110;1810;3350;2290;730;6170;2935;995;195;935;7485;1965;345;1220;2060;1890;145;14;35;4;4555;1945;795;1820;2,3;17087;4206;106;3;97;96;4;29;71;60;11;0;89;11;2210;2170;3290;.;.;.;2090;2470;1080;1060;1490;.;.;.;1110;1020;.;7500;22;16,2;55;9,7;49,2;58,3;7,6;20,9;20;990;450;290;690;495;10;60;90;70;15;140;110;2495;450;2045;1960;540;0,5;4145;180;85;0,3;0,4;0,3;0,3;30;65;60;5;3027;1;1;4677;6;9;13
Nieuwe Westen;Rotterdam;Buurt;BU05990324;2016;1;19260;9890;9365;3410;3365;6345;4455;1680;12385;4740;1760;380;2345;10935;2885;555;1880;2575;3035;250;13;90;5;9530;4800;1800;2940;2;15551;8455;131;3;97;94;6;26;72;48;25;2;91;9;2320;2240;3260;3210;.;.;2090;2720;1100;1070;1660;1850;.;.;1040;1200;.;14300;24,2;18,5;54,1;13;50,1;61,9;9,7;22,4;21,3;1780;730;460;1620;1725;5;155;290;165;80;635;395;4510;835;3675;3615;900;0,5;3643;455;235;0,3;0,3;0,3;0,3;36,2;124;124;0;3022;5;1;6686;4;7;10
Middelland;Rotterdam;Buurt;BU05990325;2016;1;11985;6140;5840;1675;2260;4405;2675;965;8155;2575;1040;220;1880;5280;810;330;1105;1060;1970;160;14;50;4;6770;3945;1305;1525;1,7;17613;5640;145;6;94;93;7;33;65;34;32;2;96;4;2290;2180;3800;3850;.;.;2080;2590;1120;1040;2080;2110;.;.;1030;1220;.;9300;27,9;22,6;49,1;18,4;56,1;61,4;11,6;18,5;18,3;820;390;270;940;1410;5;105;260;130;65;525;320;2825;545;2280;2335;495;0,4;4153;240;160;0,3;0,3;0,2;0,3;40,5;68;68;0;3021;1;1;6884;6;7;10
Oud Mathenesse;Rotterdam;Buurt;BU05990327;2016;1;7155;3765;3385;1120;970;2815;1480;770;4450;1660;825;225;1645;3080;395;205;720;555;1200;90;13;30;4;4005;2175;840;995;1,8;8553;3809;83;1;99;94;6;43;57;20;37;0;98;2;1990;1980;2470;3030;.;.;1860;2160;940;930;990;1340;.;.;900;980;.;5600;23,5;18,7;46;8,4;59,5;63,1;4,3;14,3;14,4;420;270;320;740;365;15;100;60;35;15;70;70;2105;335;1770;1820;285;0,5;2518;95;120;0,4;0,3;0,3;0,4;28,8;84;84;0;3028;1;1;3617;4;7;11
Witte Dorp;Rotterdam;Buurt;BU05990328;2016;1;575;275;300;110;60;140;190;70;290;220;50;25;50;300;85;5;50;95;55;5;16;5;9;245;80;50;120;2,3;13351;236;142;96;4;99;1;30;70;70;0;0;100;0;2330;1310;2440;2230;.;.;2000;3110;1190;870;1160;1320;.;.;1170;1250;.;400;21,8;16,2;54,1;8,6;44,2;59;6,6;18,3;17,9;60;40;10;70;15;.;.;.;.;.;.;.;140;20;120;115;25;0,6;3234;5;5;0,9;0,7;0,4;0,5;26,3;4;4;0;3028;1;1;3659;5;3;5
Schiemond;Rotterdam;Buurt;BU05990329;2016;3;5150;2550;2595;985;460;1800;1310;600;2840;1570;595;150;570;2805;685;195;565;540;810;80;16;20;4;2540;1065;650;835;2;8366;2596;170;1;99;94;6;39;61;51;10;0;60;40;2600;2230;3050;.;.;.;2100;2450;170;170;.;.;.;.;270;.;81,4;3900;34,1;26,1;41,5;24,6;57,6;45,1;18,3;15,3;15,5;410;200;150;560;555;0;45;75;100;55;210;65;1665;470;1190;1340;325;0,7;2701;95;75;0,4;0,3;0,7;0,5;23,7;122;62;61;3029;5;1;3232;5;6;9
Overschie;Rotterdam;Wijk;WK059904;2016;1;17110;8510;8595;3155;1605;4940;4505;2910;8565;6090;1560;900;1680;4565;1100;315;1075;865;1205;255;15;185;11;8030;3310;1960;2765;2,1;1133;8151;160;37;63;94;6;47;51;41;9;2;89;11;2680;2090;3120;3310;4330;4640;2030;3160;1160;920;1340;1530;2050;2630;930;1380;.;12900;31;23,8;40,6;19,6;57,9;47,8;17,6;12,1;11,9;870;690;460;2810;1400;25;250;300;155;140;370;165;7180;2200;4980;5890;1290;0,9;475;1995;575;1;0,8;1;0,7;8,5;1580;1511;70;.;.;2;1698;6;6;7
Kleinpolder;Rotterdam;Buurt;BU05990451;2016;1;7525;3665;3855;1315;745;2200;1805;1465;3775;2390;875;490;740;3230;870;190;675;685;800;110;15;100;14;3830;1910;785;1145;1,9;6037;3948;126;16;84;93;7;31;66;61;6;3;91;9;2220;2010;3000;3100;4910;5310;1950;2790;940;810;1310;1480;2940;3990;810;1220;.;5700;26;20,1;47,7;12,8;51;60,4;8,9;16,8;17,2;560;370;200;1420;370;5;70;105;35;35;75;50;3055;1010;2045;2340;715;0,8;2452;1410;170;0,7;0,4;1,1;0,4;13;130;125;5;3042;1;2;1907;7;5;8
Noord Kethel;Rotterdam;Buurt;BU05990452;2016;1;65;30;30;5;5;15;30;10;25;35;5;5;5;0;0;0;0;0;0;0;0;0;0;30;10;15;10;2;28;25;.;84;16;96;4;76;20;0;20;4;92;8;4040;.;.;.;.;4190;.;4440;.;.;.;.;.;.;.;.;.;100;.;.;.;.;.;.;.;.;.;0;0;0;10;20;0;5;5;0;0;5;0;60;25;35;50;10;.;.;20;10;2,7;2,9;2,3;2,3;3,3;253;238;15;3047;3;5;94;15;0;15
Schieveen;Rotterdam;Buurt;BU05990454;2016;1;335;170;165;55;35;80;105;65;155;155;15;10;10;5;0;0;0;0;5;0;6;0;9;135;40;50;55;2,4;80;136;323;100;0;90;10;78;18;0;18;4;91;9;4360;.;3620;3230;4210;4940;4750;4240;2130;.;1460;1740;2280;2300;2490;1970;.;300;36,9;29,1;34,1;25,4;67,1;28,5;35,8;4,5;3,8;0;10;10;60;55;10;0;5;5;10;20;10;180;45;135;160;20;1,3;43;20;20;3,5;3,2;2,9;2,8;1,1;428;420;8;3046;1;5;57;9;18;0
Zestienhoven;Rotterdam;Buurt;BU05990455;2016;1;2090;1040;1050;615;115;740;400;225;1110;785;110;95;195;310;30;20;95;55;100;55;26;35;18;680;105;170;415;2,9;366;659;302;94;6;94;6;80;20;12;7;0;40;60;3650;2610;3140;3530;4490;4740;2940;3770;1320;820;1120;1330;1690;2070;1210;1380;.;1300;50,9;33,4;22,3;46,6;75,9;15,4;56,3;3,1;3,7;30;40;60;220;320;5;35;60;55;35;110;15;785;290;495;640;145;1,2;138;175;85;2;2;0,6;1,9;10,3;591;572;19;3045;1;4;775;5;7;8
Overschie;Rotterdam;Buurt;BU05990456;2016;1;6710;3395;3310;1120;670;1815;2045;1060;3320;2590;525;280;710;1010;195;100;300;115;295;80;12;40;6;3145;1165;895;1095;2,1;4499;3185;171;44;56;94;6;61;38;24;14;1;96;4;2820;2220;3280;3420;4000;4020;2060;3170;1350;1110;1490;1710;2040;2930;1150;1470;.;5300;31,6;24,9;37,1;20,8;60,5;39,4;19,6;8,6;7,6;250;240;180;1020;625;5;135;120;60;55;160;90;2965;810;2155;2580;390;0,9;1989;355;270;0,8;0,8;0,7;0,6;3,6;171;149;22;3043;1;2;1804;5;7;6
Landzicht;Rotterdam;Buurt;BU05990457;2016;1;380;200;175;45;40;90;120;85;185;135;35;25;15;5;0;0;5;0;0;5;16;0;5;200;90;55;65;1,9;5144;198;79;100;0;99;1;33;67;66;1;0;100;0;2500;.;2460;2650;.;.;2240;2990;980;.;960;1100;.;.;910;1120;.;300;22,3;18,2;53,9;6,8;47,9;66,3;4,5;16,2;15,2;20;30;10;80;10;.;.;.;.;.;.;.;130;20;110;120;10;0,6;1728;15;15;1,3;1,3;1,3;0,9;3;7;7;0;3043;1;4;901;5;5;10
Noord;Rotterdam;Wijk;WK059905;2016;1;51690;25465;26225;7295;7595;20495;10890;5415;34195;11605;4500;1400;6730;19660;4965;1395;3720;4210;5370;715;14;295;6;29050;16220;6235;6600;1,8;10045;27261;135;3;97;94;6;33;65;38;27;2;98;2;2130;2090;3160;3150;2760;.;2000;2350;930;920;1330;1320;1220;3740;900;1000;8,7;41200;29;23,6;43,5;19,8;59;55,9;11,3;15,5;15,1;3570;1920;1300;5220;5125;10;455;965;485;275;1760;1180;14125;3030;11095;12065;2065;0,5;2745;940;925;0,4;0,4;0,4;0,4;36,2;535;515;21;.;.;1;6631;4;6;8
Agniesebuurt;Rotterdam;Buurt;BU05990515;2016;1;4115;2015;2095;555;710;1500;890;465;2720;870;435;95;485;2280;600;170;470;480;555;50;12;20;5;2410;1500;360;555;1,7;10700;2237;130;3;97;95;5;19;80;57;23;1;100;0;2150;2130;2740;.;.;.;2080;2370;860;860;1100;.;.;.;940;620;12,2;3300;24;19,7;53,9;12,6;49,4;67;6,4;22,1;21,7;430;180;100;450;495;0;45;85;45;30;200;85;995;195;805;835;160;0,4;2593;95;45;0,4;0,4;0,7;0,5;38,1;38;38;0;3032;1;1;8267;5;12;14
Provenierswijk;Rotterdam;Buurt;BU05990516;2016;1;4685;2330;2350;570;825;1880;940;470;3255;970;350;110;685;1995;345;270;330;480;575;55;12;20;4;2720;1625;560;550;1,7;15879;2628;139;2;98;92;8;26;65;41;23;9;98;2;2190;2140;3770;.;.;.;2030;2510;1020;1000;2020;.;.;.;930;1220;5,1;3800;29;24,1;46;19,8;58,1;58,8;12,3;15,8;15,3;330;170;110;440;480;0;30;70;65;40;185;95;1085;225;860;935;155;0,4;3684;75;70;0,4;0,6;0,5;0,4;38,5;30;30;0;3033;1;1;7222;4;7;8
Bergpolder;Rotterdam;Buurt;BU05990531;2016;1;7985;3960;4025;815;1270;4140;1220;545;6050;1235;580;125;1200;2160;380;190;440;320;825;110;14;20;3;5100;3195;1170;745;1,6;18062;4781;114;0;100;94;6;35;64;21;43;1;99;1;1910;1900;.;.;.;.;1820;2050;990;990;.;.;.;.;1000;970;.;6800;29,3;25,4;38,3;18,8;67,1;57,3;8,5;12,8;11,5;430;250;210;520;860;0;80;110;70;30;305;270;2295;480;1820;2015;280;0,5;5193;120;180;0,5;0,4;0,2;0,4;37,1;45;44;1;3038;1;1;5897;2;3;5
Blijdorp;Rotterdam;Buurt;BU05990532;2016;1;10160;4865;5295;1290;1125;4385;2080;1285;6655;2330;810;375;1500;1385;110;120;300;120;730;155;16;80;8;5930;3220;1560;1155;1,7;6204;5583;159;1;99;95;5;57;43;8;35;0;100;0;2230;2220;3610;.;.;.;2120;2320;1110;1100;2010;.;.;.;1040;1170;.;8400;37,7;31,8;28,1;33,8;72,6;38,6;18,8;5,5;5,8;140;220;250;1260;1100;0;75;130;120;85;460;230;3380;875;2505;2960;420;0,6;2063;155;215;0,3;0,3;0,5;0,4;37,9;169;164;6;3039;1;1;5206;2;5;4
Liskwartier;Rotterdam;Buurt;BU05990534;2016;1;7620;3705;3915;1270;990;2720;1730;915;4835;1900;630;270;880;2685;735;160;560;590;640;100;13;55;7;3990;2050;855;1090;1,9;13762;3673;161;7;93;95;5;38;60;40;20;1;94;6;2260;2170;3270;3860;.;.;2050;2560;970;900;1680;2000;.;.;840;1140;10,3;5900;30,5;24;42,9;22,3;58,5;54,4;14,9;14,3;14,6;460;280;180;890;680;0;80;100;85;35;230;155;2225;485;1740;1905;320;0,6;4020;145;155;0,3;0,3;0,3;0,3;34,3;57;55;2;3037;1;1;6605;4;6;4
Oude Noorden;Rotterdam;Buurt;BU05990535;2016;1;16995;8475;8520;2790;2660;5820;3995;1730;10610;4280;1680;435;1970;9100;2790;465;1605;2210;2025;240;14;90;5;8865;4630;1735;2505;1,9;16800;8357;120;4;96;94;6;20;79;60;19;1;97;3;2080;2020;2960;2390;.;.;1970;2370;770;770;950;390;960;.;820;660;16,9;13100;23,8;18,6;52,9;12,2;49,4;63,5;7,2;22,5;22;1780;820;460;1670;1480;5;145;455;105;60;375;335;4100;760;3340;3385;715;0,5;4051;335;250;0,5;0,3;0,3;0,3;34,7;106;101;5;3035;6;1;7372;6;7;10
Blijdorpsepolder;Rotterdam;Buurt;BU05990558;2016;1;115;95;20;5;20;50;35;5;75;25;15;5;10;50;5;15;10;5;10;0;0;0;0;20;10;10;10;2,1;141;2;.;.;.;.;.;.;.;.;.;.;.;.;.;.;.;.;.;.;.;.;.;.;.;.;.;.;.;.;.;0;.;.;.;.;.;.;.;.;.;0;10;0;0;35;0;5;15;0;0;5;5;40;10;25;30;10;.;.;15;10;1,1;1,2;1;1,3;29,3;89;82;7;3041;1;2;2115;.;52;138
Hillegersberg-Schiebroek;Rotterdam;Wijk;WK059906;2016;1;43580;20700;22875;8725;4175;11080;11525;8080;22465;14915;3735;2470;5100;7395;1570;750;1520;870;2685;535;12;560;13;20100;8350;4755;7000;2,1;3730;20662;245;41;59;94;6;51;47;30;17;2;86;14;2790;2110;3420;3690;4330;5660;2140;3320;1340;1010;1500;1860;2150;3580;1050;1590;.;31900;40,6;30,6;35,7;30,5;59,8;40,9;27,1;9,8;10;1570;1310;860;7820;4120;20;400;720;310;640;1480;550;17310;5325;11985;14865;2445;0,9;1482;975;980;0,7;0,7;0,5;0,5;15,9;1328;1168;159;.;.;2;2300;5;6;6
Schiebroek;Rotterdam;Buurt;BU05990660;2016;1;16305;7610;8690;3330;1655;4315;4070;2940;8730;4985;1615;975;1535;4495;1185;495;785;580;1445;225;14;230;14;7750;3585;1510;2665;2;3366;8074;165;33;67;94;6;38;60;51;9;2;92;8;2380;1900;3130;3280;3670;4730;1910;3050;1180;970;1470;1770;1700;2580;1040;1400;.;11900;31,9;24;42,3;21,9;54,9;52,7;17,7;14,8;14,8;1090;660;370;2850;1040;10;140;215;95;105;320;155;5455;1495;3960;4730;725;0,7;1126;315;290;0,6;0,5;0,4;0,4;13,4;493;484;8;3053;4;1;2519;6;6;8
Hillegersberg Zuid;Rotterdam;Buurt;BU05990661;2016;1;7965;3940;4025;1500;815;2740;2025;885;4735;2490;565;180;1045;780;65;70;205;85;350;120;15;40;5;3850;1615;1015;1230;2,1;6669;3794;204;26;74;93;7;65;34;1;33;1;95;5;2610;2270;3470;3570;3900;4560;2160;2770;1370;1180;1770;2160;2030;2790;1210;1420;.;6100;39,1;30,2;29,5;32,7;69,9;34,4;25,5;5,3;4,6;110;170;160;840;1070;5;115;180;110;115;365;180;3160;875;2280;2710;450;0,8;2643;250;260;0,3;0,6;0,3;0,4;28,4;127;119;8;3051;1;1;3102;4;5;5
Hillegersberg Noord;Rotterdam;Buurt;BU05990662;2016;1;7820;3605;4215;1270;675;1675;2155;2055;3530;2855;785;660;980;1115;220;100;275;115;400;70;9;150;19;3840;1720;1030;1095;2;4255;4048;307;30;70;92;8;47;51;35;16;2;72;28;2840;2270;3590;3830;4820;6260;2140;3490;1270;960;1490;1910;2710;3470;960;1630;.;5900;43,3;34,1;37,6;29,9;54,8;43;26,1;10,9;11,3;270;280;160;2000;835;0;55;185;40;165;300;85;3445;1125;2320;2965;480;0,9;1872;175;130;0,6;0,6;0,5;0,7;15,4;306;184;122;3054;1;2;2074;5;6;7
Terbregge;Rotterdam;Buurt;BU05990664;2016;1;3525;1735;1785;785;415;790;1180;360;1820;1395;250;65;405;525;75;35;175;60;175;40;11;5;3;1350;275;360;720;2,6;1979;1310;285;89;11;97;3;57;43;19;23;1;33;67;3710;2310;3550;3890;4800;4490;3400;3870;1020;460;680;980;1900;2560;760;1100;22,9;2500;45;32,6;31,8;36,4;64,1;22,4;40,5;6;5,5;60;90;70;340;345;0;45;35;30;55;125;50;1550;570;980;1320;230;1,1;870;130;135;0,8;1,8;0,6;1,2;11,3;188;178;10;3056;1;4;882;4;5;6
Molenlaankwartier;Rotterdam;Buurt;BU05990665;2016;1;7955;3800;4155;1845;615;1560;2090;1845;3650;3195;520;595;1130;475;20;45;70;25;305;65;9;120;15;3300;1165;845;1300;2,3;3934;3436;389;69;31;94;6;70;30;11;18;0;98;2;3550;2280;3640;4200;4190;6140;2480;3910;1870;980;1820;2290;2360;4240;1220;2110;.;5500;56,3;40,4;28;44,4;61,9;25,8;46,6;3,8;5,2;50;120;100;1790;830;0;45;100;40;200;365;75;3705;1255;2450;3140;565;1,1;1832;110;165;1,1;0,6;0,7;0,4;11,2;214;202;11;3055;1;2;1697;6;5;3
Kralingen-Crooswijk;Rotterdam;Wijk;WK059908;2016;1;53165;25870;27295;7325;10265;17210;11155;7215;33875;12525;4790;1985;8270;19705;5210;1150;3650;3220;6465;625;12;420;8;30465;17735;6350;6390;1,7;5085;28081;174;7;93;93;7;25;72;47;25;3;94;6;2250;2060;3650;4070;5470;5860;2020;2640;800;710;1470;1800;3480;4060;730;980;23,9;39900;30,7;24,7;48,3;19,8;50,8;59,6;12,7;17,1;16,9;3770;1910;1110;6980;4345;10;370;830;375;490;1530;740;15850;4630;11225;13180;2670;0,5;1516;935;675;0,5;0,4;0,4;0,5;25,3;1277;1046;231;.;.;1;5318;6;7;7
Rubroek;Rotterdam;Buurt;BU05990814;2016;1;8310;3920;4385;1070;1405;2935;1690;1210;5275;1800;835;400;1125;3415;965;190;675;520;1065;95;12;100;12;4720;2685;1005;1035;1,7;15606;4599;125;0;100;97;3;21;75;48;27;4;93;7;2070;2060;.;.;.;.;2080;2010;660;660;.;.;.;.;680;610;30,1;6500;25,7;21,1;49,7;15,7;51,6;61,5;7;16,6;16,5;710;350;190;1170;510;0;50;145;45;35;145;100;2120;485;1635;1855;265;0,4;3983;130;100;0,4;0,3;0,5;0,4;36,8;54;53;1;3031;1;1;7823;7;7;7
Nieuw Crooswijk;Rotterdam;Buurt;BU05990836;2016;1;2950;1535;1415;510;365;1220;595;265;1875;740;275;70;320;1295;510;55;205;210;310;70;25;10;5;1575;785;380;420;1,9;2863;1697;129;2;98;82;18;8;91;82;9;1;76;24;2110;2080;2760;3230;.;.;2040;2640;540;530;1380;.;.;.;590;440;25;2300;27,1;21,3;48,1;16,5;57;64,4;11,9;22,3;21,4;300;110;80;260;285;0;40;65;20;15;75;65;865;205;660;715;150;0,5;836;130;45;0,3;0,4;0,4;0,3;29;110;103;7;3034;1;1;4930;4;8;6
Oud Crooswijk;Rotterdam;Buurt;BU05990837;2016;1;8080;3855;4225;1470;1160;2340;1975;1135;4640;2095;950;400;765;4740;1660;245;755;1090;985;95;12;80;10;4015;2020;705;1300;2;16551;4060;121;4;96;96;4;7;89;81;8;4;96;4;2100;2050;3010;2720;.;.;2070;2370;930;920;1010;910;.;.;940;900;.;6000;20,4;15,5;61;7;39,4;70,8;4,4;29,4;28,6;1060;500;200;1110;355;5;55;70;40;10;90;85;1890;345;1545;1555;330;0,5;3866;135;75;0,4;0,4;0,3;0,3;33,5;53;49;4;3034;1;1;6543;7;8;10
Kralingen West;Rotterdam;Buurt;BU05990841;2016;1;15785;7680;8100;2255;3030;5345;3270;1885;10370;3480;1435;505;2150;6270;1690;300;1320;1065;1890;195;12;110;7;8940;5145;1855;1950;1,7;15432;8099;148;6;94;95;5;29;70;48;22;1;94;6;2120;1980;3370;3210;.;.;1920;2360;960;950;1400;1430;.;.;960;1010;.;12200;28,4;22,9;48,3;19,2;52,4;60,6;11,8;17,2;17,1;1170;570;370;1810;1175;5;105;235;110;100;400;215;4320;1005;3315;3675;645;0,5;4223;220;190;0,5;0,3;0,3;0,5;25,2;102;102;0;3061;1;1;5759;6;8;6
Kralingen Oost;Rotterdam;Buurt;BU05990842;2016;1;7995;3900;4095;1285;1810;2055;1640;1210;5040;2270;425;270;1695;1055;70;80;150;50;705;75;10;60;8;4350;2465;975;920;1,8;3949;3571;393;33;67;92;8;50;48;14;34;2;95;5;3190;2370;4130;4680;5640;6020;2360;3800;1580;1150;1740;2180;3660;4140;1010;2040;11,2;5500;55,8;42,4;37,1;39,4;56,2;42,3;34,4;6,6;6;90;100;80;1170;1165;0;60;150;70;240;535;110;3060;1120;1940;2465;595;0,7;1510;95;115;0,6;0,5;0,4;0,5;18;205;203;3;3062;1;1;3354;5;5;3
Kralingse Bos;Rotterdam;Buurt;BU05990843;2016;1;110;55;55;15;20;15;45;15;60;45;5;5;5;5;0;0;0;0;0;0;0;0;9;50;25;10;25;2,1;34;26;287;81;19;81;19;50;50;0;50;0;100;0;2960;.;.;.;4020;.;2100;4150;2320;.;.;.;2060;.;1890;2590;.;100;.;22,7;.;.;.;.;.;.;.;10;0;0;20;85;0;5;25;0;10;5;35;60;20;40;35;25;1,2;18;25;10;1,2;1,6;0,9;1,5;14,9;447;328;119;3062;1;2;1560;18;108;162
De Esch;Rotterdam;Buurt;BU05990845;2016;1;4420;2145;2270;460;675;1380;1130;770;2580;1120;555;170;575;1650;185;180;395;205;675;45;11;30;7;2685;1555;640;500;1,6;2614;2653;139;3;97;96;4;20;80;49;31;0;100;0;2030;1980;3130;3070;.;.;1940;2250;30;.;730;810;.;.;.;100;95,6;3700;28,3;24;44,7;18,7;51,5;57;8,1;15,9;16,4;310;180;110;740;300;0;30;55;40;20;100;55;1675;610;1065;1400;275;0,6;991;100;65;0,7;0,7;1,1;0,6;7,3;243;169;74;3063;1;2;1833;6;7;5
Struisenburg;Rotterdam;Buurt;BU05990847;2016;1;5505;2770;2735;260;1795;1920;810;720;4040;985;315;170;1625;1275;125;100;140;75;830;35;7;15;3;4120;3075;795;260;1,3;14207;3376;183;0;100;84;16;30;59;16;43;11;94;6;2160;2160;.;.;.;.;1960;2350;290;280;.;.;.;.;350;220;63,1;3800;31,4;27,7;45,5;24,1;50,3;60,1;12,5;8,4;8,3;110;100;90;710;470;0;30;80;45;60;180;70;1865;840;1030;1485;385;0,5;4814;100;75;1;0,7;0,4;0,8;20,2;62;39;23;3063;1;1;4804;3;5;5
Feijenoord;Rotterdam;Wijk;WK059910;2016;1;73490;36600;36890;13205;10200;22485;18430;9180;41120;21630;8065;2685;7675;42520;8165;3720;7365;13465;9800;1035;14;555;8;35585;16330;7360;11905;2;11069;34677;122;23;77;94;6;21;79;64;15;1;86;14;2280;2160;2570;2610;2910;3300;2140;2720;850;810;1010;1230;1520;1840;930;740;12,8;54500;24,3;18,5;54,1;12,3;46,6;62,7;8,8;22,2;21,6;7780;3590;2020;8840;4505;40;665;1060;485;270;1320;670;19860;4215;15650;16190;3675;0,6;2991;1910;880;0,5;0,4;0,5;0,4;33,1;855;664;191;.;.;1;4694;9;9;11
Kop van Zuid;Rotterdam;Buurt;BU05991017;2016;1;2235;1195;1040;175;345;1270;350;95;1645;455;120;15;395;855;50;155;105;105;435;40;18;0;0;1510;980;380;155;1,5;8346;1751;242;0;100;82;18;20;80;39;40;0;16;84;2360;2390;.;.;.;.;2100;2840;.;.;.;.;.;.;.;.;61,6;1800;49,1;42,3;28,1;39,8;72,3;48;23,9;5,9;5;30;20;40;90;490;0;25;75;75;60;210;40;1025;435;590;690;335;0,7;3830;485;55;0,8;0,8;0,7;0,7;29,4;64;27;37;3072;2;1;3966;4;11;22
Kop van Zuid - Entrepot;Rotterdam;Buurt;BU05991079;2016;1;8480;4205;4275;1625;885;2820;2200;955;4775;2575;895;245;1115;4435;1095;340;900;890;1205;120;14;30;4;4115;1755;1000;1365;2,1;11572;3834;169;8;92;97;3;29;71;55;16;0;74;26;2410;2310;3350;3720;.;.;2240;2800;470;500;80;10;.;.;560;260;52,1;6300;34;25,8;41,8;26,4;56,5;46,9;18,4;16,1;15,9;620;320;200;920;635;0;45;120;75;55;265;75;2380;640;1745;1920;460;0,6;3249;115;115;0,3;0,3;0,3;0,3;29,4;82;73;9;3071;1;1;4479;11;6;8
Vreewijk;Rotterdam;Buurt;BU05991080;2016;1;13745;6555;7190;2000;1600;3220;4110;2815;6865;4135;1875;875;1370;4465;755;685;1125;710;1180;155;11;190;14;7090;3315;1640;2145;1,9;6705;7033;122;68;32;95;5;13;86;81;5;0;96;4;2380;2100;2420;2540;2960;3560;2260;2970;1040;860;1110;1320;1540;2160;1080;1060;.;10800;22,5;18,2;53,9;9;43,4;67,5;5,9;21,1;20,6;1510;790;400;2730;540;5;125;110;55;30;135;90;4250;1035;3215;3710;540;0,6;2073;305;255;0,7;0,6;0,6;0,4;38,5;207;205;2;3075;1;1;4065;12;11;11
Bloemhof;Rotterdam;Buurt;BU05991081;2016;1;13715;7050;6660;2580;2170;4310;3295;1365;7805;4115;1390;410;1595;8860;1530;760;1445;3415;1705;210;16;80;6;6400;2860;1245;2305;2,1;17396;6362;95;33;67;92;8;21;78;57;21;1;96;4;2220;2100;2460;2500;2470;2990;2110;2700;1060;1010;1130;1230;1300;1500;1040;1150;.;9900;20,4;15,1;58,4;7;44,1;67,1;4,6;24,7;23,1;1540;710;420;1290;705;10;170;215;70;10;115;115;3400;510;2890;2775;625;0,5;4315;325;120;0,4;0,3;0,4;0,3;39,4;79;79;0;3073;1;1;6242;8;9;11
Hillesluis;Rotterdam;Buurt;BU05991082;2016;1;11950;6075;5870;2440;1935;4035;2550;995;6825;3655;1175;300;1250;8735;1680;590;1300;3520;1645;205;17;60;5;5375;2320;1015;2045;2,2;13307;5138;95;8;92;92;8;28;71;46;25;1;89;11;2220;2110;3060;3390;.;.;2050;2510;980;980;1060;1640;.;.;980;980;5,1;8500;21,1;15,3;57,2;7,7;47,3;63;5,8;23;22,2;1200;590;340;960;705;15;145;255;50;20;130;95;3000;465;2535;2340;655;0,6;3338;280;95;0,3;0,3;0,3;0,3;35,9;90;90;1;3074;1;1;4749;8;8;16
Katendrecht;Rotterdam;Buurt;BU05991085;2016;1;4755;2355;2395;1010;465;1480;1220;585;2690;1420;485;170;455;2160;395;280;445;175;860;60;13;25;5;2270;975;510;795;2,1;8610;2051;154;14;86;96;4;38;62;55;8;0;68;32;2370;2210;3450;3340;.;.;2090;2890;650;750;260;240;.;.;820;450;17,9;3500;29,5;22,1;46,8;21,6;54,2;53,9;16;18,1;19,5;400;170;120;560;335;0;30;65;35;20;125;60;1375;370;1005;1145;230;0,6;2489;65;80;0,4;0,4;0,5;0,4;22,9;118;55;63;3072;1;1;3062;8;7;8
Afrikaanderwijk;Rotterdam;Buurt;BU05991086;2016;1;8075;4000;4070;1475;1325;2220;2030;1025;4370;2480;920;310;500;6500;1220;410;1025;2555;1285;80;10;75;10;3645;1665;615;1375;2,2;17136;3485;92;5;95;93;7;10;89;82;7;1;87;13;2270;2180;3690;3740;.;.;2130;3230;720;840;250;480;.;.;940;230;12,2;5800;18,4;13,6;65,8;5,3;35,4;71,2;5,4;30,6;30,9;1160;450;210;990;360;5;55;120;35;15;70;60;1670;230;1440;1315;355;0,5;3540;120;30;0,4;0,4;0,5;0,3;33,7;47;47;0;3072;1;1;5347;9;9;12
Feijenoord;Rotterdam;Buurt;BU05991087;2016;1;7275;3535;3740;1545;1085;2030;1770;850;4165;2030;870;215;500;5550;1270;425;840;1865;1150;110;16;55;8;3235;1380;515;1345;2,2;11531;3151;97;2;98;97;3;9;91;87;4;0;95;5;2150;2110;2820;2750;.;.;2080;2500;970;970;1040;.;.;.;980;870;.;5200;19,9;14,4;63,1;6,9;37,6;70;5,4;30,3;27,6;1090;430;200;820;255;0;40;45;35;10;80;45;1555;215;1345;1290;270;0,5;2467;110;45;0,7;0,5;0,5;0,4;24,6;100;63;37;3071;1;1;3939;12;7;8
Noordereiland;Rotterdam;Buurt;BU05991088;2016;1;3245;1615;1625;360;390;1100;905;490;1985;770;340;155;490;955;160;65;175;220;330;45;14;25;8;1935;1100;455;390;1,7;13168;1872;154;1;99;95;5;31;68;46;22;1;89;11;2060;2050;2730;.;.;.;1980;2180;910;900;2030;.;.;.;910;900;.;2700;31;26,3;42,5;22;57,7;55,6;12,8;15,1;17,1;240;120;90;480;470;0;35;55;55;45;190;90;1205;315;890;1005;200;0,6;4880;110;80;0,8;0,3;0,8;1,3;18;67;25;42;3071;1;1;4610;4;7;6
IJsselmonde;Rotterdam;Wijk;WK059912;2016;1;59630;28615;31010;10395;6995;16360;15110;10770;30230;19260;6375;3770;5805;22715;2575;3820;6215;3785;6310;825;14;755;13;28565;12260;6625;9685;2;5045;28904;123;36;64;95;5;38;62;47;14;1;91;9;2530;2110;3090;3210;3440;4490;2190;3010;1000;850;1150;1420;1600;2450;960;1080;7,4;45300;25,9;20,2;45,5;13,7;53,7;53,5;10;13,9;13,5;4200;2670;1610;10460;2895;25;665;690;340;195;590;385;20810;5950;14860;18065;2745;0,7;1761;1485;1280;0,6;0,7;0,6;0,5;17,7;1309;1182;127;.;.;1;2565;8;7;8
Oud IJsselmonde;Rotterdam;Buurt;BU05991283;2016;1;6005;3065;2935;915;630;1735;1935;795;2850;2535;465;160;610;1615;120;210;540;205;535;80;14;30;5;2790;975;885;940;2,1;3061;2749;168;43;57;94;6;68;31;13;18;1;76;24;2820;2300;3460;3430;3570;4260;2130;3130;830;450;1170;1440;1510;2360;680;890;29,1;4800;34,2;27,5;32,5;26;64,3;31,5;23,2;6,6;5,8;180;180;150;760;620;0;120;135;85;55;155;60;2800;1065;1735;2360;440;1;1427;320;225;1,7;1,5;0,9;0,9;16,2;315;196;119;3077;1;2;1685;6;13;8
Lombardijen;Rotterdam;Buurt;BU05991284;2016;1;13785;6745;7040;2485;1575;3950;3200;2575;7275;3975;1650;900;1400;5980;885;910;1155;1365;1665;200;15;185;13;6900;3365;1420;2125;1,9;5282;6932;113;26;74;96;4;31;68;50;17;2;94;6;2280;2020;2910;3190;3830;4150;2080;2820;960;920;950;1150;1970;2820;920;1140;5,8;10300;24,6;19,1;48,1;11,7;51,4;60;7;16,3;15,9;1160;640;400;2510;605;5;145;145;55;45;130;80;4380;1105;3275;3800;580;0,6;1678;305;235;0,4;0,6;0,6;0,5;23,2;263;261;1;3076;1;1;2593;10;6;8
Groot IJsselmonde;Rotterdam;Buurt;BU05991289;2016;1;28120;13190;14925;4545;3180;7440;6700;6260;13585;9230;2970;2340;2720;9395;1155;1610;2245;1715;2665;370;13;460;16;13810;6205;3335;4275;2;4881;14330;121;33;67;95;5;34;66;51;15;0;89;11;2470;2100;2940;3090;3150;4860;2170;2900;1000;830;1220;1530;1470;2230;950;1110;6,4;21600;25,2;20;45,8;12,4;52,6;55,8;8,3;13;13,1;1920;1300;700;6100;1240;10;285;315;155;75;220;180;9820;2835;6980;8610;1210;0,7;1704;675;615;0,5;0,7;0,6;0,5;17,9;580;576;4;3079;5;1;2733;7;6;9
Beverwaard;Rotterdam;Buurt;BU05991290;2016;1;11715;5610;6105;2450;1610;3240;3275;1140;6530;3525;1295;370;1070;5725;415;1085;2275;495;1445;170;15;75;7;5055;1725;990;2350;2,3;7887;4893;120;54;46;97;3;41;59;53;6;0;100;0;2810;2190;3300;3410;.;.;2430;3360;1130;1050;1150;1370;.;.;1120;1130;.;8600;24,4;18,2;49;12,7;52,8;50,4;11,5;17;15,7;960;560;350;1090;430;5;115;95;45;20;85;65;3810;945;2865;3300;515;0,8;2566;185;210;0,6;0,6;0,5;0,5;11,6;151;149;3;3077;1;1;2541;8;6;8
Pernis;Rotterdam;Wijk;WK059913;2016;1;4785;2355;2430;770;510;1210;1410;890;2185;1965;365;280;390;430;25;100;125;30;140;45;9;30;7;2160;720;670;780;2,2;3033;2194;149;85;15;96;4;70;30;21;8;0;86;14;2870;2250;2780;3080;3170;3920;2290;3110;1270;880;1140;1450;1660;2150;1020;1370;.;3800;30,6;24,5;35,9;20,4;63,6;34,1;18,7;4,6;4,2;90;160;110;870;275;0;80;55;20;30;50;40;2150;675;1475;1965;190;1;1362;220;240;0,5;0,5;0,5;0,5;2;162;158;4;.;.;4;728;5;7;3
Pernis;Rotterdam;Buurt;BU05991391;2016;1;4785;2355;2430;770;510;1210;1410;890;2185;1965;365;280;390;430;25;100;125;30;140;45;9;30;7;2160;720;670;780;2,2;3033;2194;149;85;15;96;4;70;30;21;8;0;86;14;2870;2250;2780;3080;3170;3920;2290;3110;1270;880;1140;1450;1660;2150;1020;1370;.;3800;30,6;24,5;35,9;20,4;63,6;34,1;18,7;4,6;4,2;90;160;110;870;275;0;80;55;20;30;50;40;2150;675;1475;1965;190;1;1362;220;240;0,5;0,5;0,5;0,5;2;162;158;4;3195;1;4;728;5;7;3
Prins Alexander;Rotterdam;Wijk;WK059914;2016;1;94600;45025;49575;15625;10380;22795;26350;19455;44900;34450;9550;5700;9425;22815;2245;2145;8190;2190;8045;940;10;1005;11;45245;18860;11240;15155;2,1;5429;45444;176;41;59;97;3;42;57;44;13;1;86;14;2770;2180;3370;3560;4600;5310;2260;3410;640;500;680;880;1530;2230;540;770;42,2;73600;31,9;25,3;39,6;21,7;56,3;46,3;18,6;10,2;10,8;3840;3820;2150;18890;5945;15;830;1270;600;630;1855;740;36600;13420;23175;31910;4685;0,8;2100;2110;2045;0,8;0,7;0,7;0,6;13,9;1860;1743;118;.;.;1;2665;4;5;5
's Gravenland;Rotterdam;Buurt;BU05991444;2016;1;8205;4040;4165;1335;1275;1530;2905;1160;3985;3335;635;255;1050;1555;140;140;510;170;590;55;7;30;4;3540;1120;935;1495;2,3;3951;3537;318;64;36;97;3;54;46;21;25;0;94;6;3500;2090;3550;3670;4720;5370;2530;4140;1400;810;1210;1460;1920;2760;1040;1640;.;6300;45,5;35,1;33,3;35,9;58,9;28,3;37,6;5,3;5;80;190;180;1110;815;0;60;120;65;145;355;65;3650;1625;2025;3085;565;1;1757;145;175;1,3;0,6;0,9;1,1;11,9;223;208;16;3065;1;2;1957;3;5;3
Kralingseveer;Rotterdam;Buurt;BU05991446;2016;1;1680;850;830;295;195;485;510;195;815;690;110;75;130;200;15;35;60;25;65;20;14;15;10;735;235;210;300;2,3;3284;736;147;86;14;96;4;72;27;18;9;1;100;0;2980;2170;2930;3430;4070;4400;2300;3270;1290;830;1290;1550;1570;1930;1020;1400;.;1300;30,2;23,6;37,4;19,9;62,9;34;19;5,2;4,3;30;80;40;190;125;0;30;25;10;15;30;15;700;210;490;635;65;1;1363;80;70;0,6;1,7;1,1;1;3,2;64;51;13;3064;1;3;1423;3;3;2
Prinsenland;Rotterdam;Buurt;BU05991448;2016;1;9950;4775;5170;1285;1015;2100;3185;2365;4375;3760;1160;660;955;2445;240;210;840;300;850;80;8;80;8;5115;2310;1325;1490;1,9;5793;5153;177;34;66;97;3;35;64;55;9;1;94;6;2650;2220;3270;3380;4740;5170;2260;3330;940;790;1080;1300;1960;2590;810;1180;.;8100;32;26,6;39,6;22,1;54,5;51;18;10,6;11,6;450;460;220;2300;595;0;95;95;40;80;210;75;3940;1500;2440;3480;460;0,8;2294;235;180;1;0,8;0,6;0,4;14;180;172;8;3066;1;1;2881;5;6;4
Het Lage Land;Rotterdam;Buurt;BU05991449;2016;1;10550;4850;5695;1340;1410;2750;2515;2535;5270;3235;1230;820;1215;2590;240;280;755;305;1010;115;11;135;13;5875;3150;1360;1375;1,8;4940;5822;134;19;81;95;5;39;61;39;22;0;91;9;2410;2180;3280;3390;3740;3920;1930;3100;1080;950;1470;1820;1830;2760;990;1220;.;8600;27,7;23,1;41,9;16,6;54,1;55;9,9;10,6;11,4;450;400;250;2470;745;0;95;200;85;55;200;110;4065;1450;2615;3530;535;0,7;1904;345;240;0,5;0,5;0,9;0,6;15,8;216;214;3;3067;1;1;3232;4;5;7
Ommoord;Rotterdam;Buurt;BU05991463;2016;1;25150;11600;13545;3450;2405;5230;6435;7635;10465;9735;2720;2240;2430;4835;555;480;1380;400;2015;240;10;405;16;12830;5690;3615;3530;1,9;5769;13069;154;37;63;96;4;35;65;51;14;0;96;4;2720;2380;3220;3400;4740;4600;2430;3210;920;660;1300;1570;2030;1980;760;1220;16,6;20400;28,1;23,3;41,7;16,8;51,2;51,1;12,8;9,7;11;1090;1010;520;7450;1235;5;205;265;135;100;335;195;9580;3170;6410;8595;985;0,7;2198;525;510;0,9;0,6;0,9;0,5;12,7;448;436;12;3068;5;1;2878;5;4;5
Zevenkamp;Rotterdam;Buurt;BU05991466;2016;1;16125;7795;8330;2735;1945;4070;4985;2390;8155;5490;1750;740;1555;5095;500;550;2160;405;1475;160;10;185;12;7260;2760;1635;2875;2,2;7660;7285;146;51;49;97;3;42;56;47;10;1;98;2;2740;1950;3420;3520;4440;5890;2240;3400;10;.;.;.;.;1860;.;10;99,8;12300;28,1;22,1;42,8;17,7;56,4;46,6;16,7;13,9;13,8;920;840;450;2310;755;5;160;140;75;45;210;115;5785;1860;3925;5075;710;0,8;2748;340;365;0,7;0,6;0,4;0,4;16,2;216;211;5;3068;5;2;2476;5;6;6
Oosterflank;Rotterdam;Buurt;BU05991467;2016;1;10500;4915;5585;1505;1090;2715;3085;2110;5245;3325;1290;645;1090;3565;365;270;1380;350;1200;105;10;105;10;5495;2715;1185;1600;1,9;6515;5473;130;28;72;97;3;33;66;62;4;1;95;5;2300;1910;3250;3320;3890;.;1960;2980;10;.;.;10;870;.;.;30;99,5;8400;27,1;22,2;44,9;15,7;52,3;55,9;10,5;13,9;15;700;550;290;2050;715;0;90;275;70;55;155;75;3905;1345;2555;3320;585;0,7;2421;205;170;0,6;0,5;0,8;0,5;20,5;163;161;2;3067;1;1;3330;6;9;12
Nesselande;Rotterdam;Buurt;BU05991468;2016;1;12425;6180;6240;3680;1040;3915;2730;1060;6605;4890;660;270;990;2520;185;175;1100;230;830;145;12;35;3;4380;895;990;2505;2,8;4277;4369;302;69;31;97;3;73;27;19;8;0;2;98;3550;2330;3750;4150;4600;5410;2560;3860;150;.;10;60;230;1600;40;170;90,7;8200;45,7;30,6;27,3;39,9;71,4;19,8;46,2;4,2;3,8;120;300;210;1020;960;5;95;150;110;135;365;95;4975;2260;2715;4190;780;1,1;1712;240;335;0,9;1,1;0,7;0,8;8,7;350;291;59;3059;1;3;1116;2;3;2
Charlois;Rotterdam;Wijk;WK059915;2016;1;66180;33510;32670;11870;8715;22040;15160;8400;38870;17325;7085;2910;10540;31185;4670;4565;7215;6050;8685;985;15;600;9;33410;16540;6700;10180;1,9;5910;33674;94;16;84;92;8;31;67;40;27;2;91;9;2240;2050;2990;3070;3230;4600;2050;2560;1000;960;1170;1370;1610;2770;1000;1070;.;49000;23,5;18,1;49,6;9,9;52,9;62,5;6;18,4;16,9;5500;3290;2190;8110;3820;45;890;925;420;200;740;595;19670;4435;15235;16560;3110;0,6;1757;1555;1060;0,5;0,4;0,5;0,5;26,7;1190;1120;70;.;.;1;3788;9;10;11
Charlois Zuidrand;Rotterdam;Buurt;BU05991570;2016;1;490;235;255;45;35;95;165;155;250;150;60;40;55;55;5;5;25;5;10;0;6;20;43;125;35;45;50;2,4;250;132;340;92;8;89;11;73;26;8;18;1;97;3;4020;3340;3240;3300;3590;4450;3340;4220;2210;1610;1150;1570;1580;2750;1660;2410;.;200;41,4;32,9;39,4;26,4;60,5;28,5;36,6;6,7;7,5;0;80;10;150;190;0;20;80;15;35;30;15;435;275;160;305;130;.;.;175;20;1,2;1,3;0,7;1;14;197;197;0;3084;1;3;1095;8;12;6
Tarwewijk;Rotterdam;Buurt;BU05991571;2016;1;12265;6390;5870;2335;2040;4475;2655;765;7905;2935;1215;215;2385;7255;1015;1060;1575;1520;2085;205;17;50;4;6175;3010;1170;2000;2;14492;5950;78;9;91;91;9;28;71;32;39;1;95;5;2170;2110;2650;2460;.;.;2050;2430;1010;970;1270;1320;.;.;990;1030;.;9000;21,2;15,9;53,8;7,1;52,2;66,8;4,2;20,9;19;1120;510;490;740;700;5;190;125;95;35;135;110;3225;525;2700;2620;605;0,5;3811;255;130;0,4;0,3;0,3;0,4;38,3;114;85;30;3081;1;1;5746;12;10;13
Carnisse;Rotterdam;Buurt;BU05991572;2016;1;11225;5930;5290;1910;1460;4715;2210;930;7245;2520;1135;330;2685;4440;550;565;1065;785;1475;190;17;60;6;6115;3265;1195;1665;1,8;19150;6153;75;4;96;90;10;44;56;15;40;0;99;1;2040;1980;3100;3590;.;.;1880;2170;990;960;1460;2060;.;.;970;980;.;8600;23,7;18,5;44,7;8,7;60,7;61,6;4,1;14;12,4;680;440;480;890;730;15;205;175;80;20;140;100;3435;580;2850;2930;505;0,6;5856;265;195;0,3;0,3;0,4;0,4;35;59;59;0;3083;1;1;5096;8;7;8
Zuidwijk;Rotterdam;Buurt;BU05991573;2016;1;12490;6015;6475;2180;1465;3450;3025;2375;6665;3500;1435;895;1330;5500;915;1000;1260;965;1360;180;15;160;13;6470;3285;1310;1885;1,9;8151;6699;103;21;79;95;5;22;74;58;16;4;88;12;2270;2040;3030;3120;3960;.;2110;2830;960;930;1190;1450;1880;.;1010;1060;.;9500;23,7;18,5;51,5;10,3;47,2;64,9;6,2;20,1;19,4;1280;680;340;2300;450;5;95;120;45;20;105;65;3670;1020;2650;3200;470;0,6;2394;255;205;0,4;0,5;0,7;0,4;23,6;153;153;0;3085;1;1;2630;8;8;11
Oud Charlois;Rotterdam;Buurt;BU05991574;2016;1;13430;6855;6570;2420;1860;4445;3290;1420;8010;3615;1415;395;2170;6030;950;730;1350;1305;1690;160;12;90;7;6670;3205;1390;2080;2;10462;6758;101;10;90;90;10;35;63;33;30;2;93;7;2270;2120;3360;3780;3440;4090;2030;2600;1070;1010;1430;1550;2000;2550;1010;1140;.;10000;24,3;18,6;48,8;11,5;53,4;59,6;7,6;18,5;16,4;1060;660;410;1380;900;10;215;160;100;40;175;195;4100;850;3250;3445;655;0,6;3195;335;255;0,4;0,4;0,4;0,3;21,4;142;128;14;3082;2;1;3479;8;8;8
Wielewaal;Rotterdam;Buurt;BU05991575;2016;1;835;405;425;120;70;185;265;205;405;260;115;65;70;160;15;30;55;10;45;10;13;5;10;465;230;120;125;1,8;4029;544;79;99;1;85;15;6;94;92;1;0;100;0;2820;.;2240;2580;2670;.;2460;2910;1560;.;1150;1320;1350;.;1290;1150;.;700;21,3;17,4;58,6;5,5;40,8;75,4;3,7;22,9;22,7;110;60;20;200;25;0;0;5;5;0;5;5;260;65;195;240;20;0,6;1255;15;20;0,8;0,4;0,8;0,7;18,1;21;21;0;3084;1;2;2007;25;80;12
Zuidplein;Rotterdam;Buurt;BU05991576;2016;1;1195;615;580;125;100;470;255;245;670;295;165;75;165;445;50;35;110;70;180;20;17;10;11;755;465;190;110;1,6;4633;754;99;0;100;93;7;33;67;11;56;0;100;0;1760;1760;.;.;.;.;1620;2010;850;850;.;.;.;.;730;1070;19,9;1000;29,5;25,4;35,5;17,6;63,3;56,2;5;10,6;9,9;50;40;40;230;245;0;15;145;10;20;30;20;400;125;275;320;80;0,5;1549;25;15;0,3;0,2;0,7;0,8;42,3;26;26;0;3083;1;1;5414;8;24;54
Pendrecht;Rotterdam;Buurt;BU05991577;2016;1;11885;5915;5965;2515;1430;3715;2680;1545;6700;3360;1310;525;1420;6845;1115;1015;1670;1315;1725;190;16;65;6;5585;2520;1055;2020;2,1;9744;5472;101;26;74;94;6;32;68;57;11;0;80;20;2350;2030;3050;3090;4300;4960;2100;2840;950;930;960;1240;2280;3070;960;1050;7,7;8500;23,3;17,2;50,8;10,1;50,3;60,4;6,8;19,9;17,8;1080;600;360;1480;455;5;130;95;60;20;90;50;3410;765;2645;2860;550;0,6;2796;160;165;0,4;0,4;0,4;0,4;18,5;122;122;0;3086;1;1;2610;10;11;9
Zuiderpark;Rotterdam;Buurt;BU05991578;2016;1;980;440;540;25;75;160;185;545;370;215;105;300;95;150;15;30;50;20;35;5;6;115;118;345;245;75;30;1,4;339;505;134;11;89;77;23;20;59;49;10;21;71;29;2740;2400;.;.;3400;4840;2070;3670;1280;1120;.;.;1630;2250;1170;1440;.;400;25,9;24,1;47,6;12,6;37,7;69,5;8,2;17;20,1;30;160;10;530;50;0;5;5;0;5;10;20;180;65;115;160;20;0,5;63;25;10;0,6;0,6;0,5;0,6;23,8;317;290;27;3084;1;1;2738;16;26;54
Heijplaat;Rotterdam;Buurt;BU05991593;2016;1;1365;685;675;200;180;335;430;220;660;485;145;80;150;295;30;85;50;50;75;10;10;5;4;685;295;165;235;2;3495;707;129;65;35;94;6;23;76;75;1;1;83;17;2540;2020;2730;2880;2970;5180;2290;3450;1050;910;1130;1290;1630;3450;1150;1350;.;1100;26;21;46,4;13,6;55,8;56,6;10,7;14,8;13,3;100;70;50;220;70;0;10;15;15;5;25;10;550;165;390;485;65;0,8;1411;45;45;4,6;0,4;4,4;4,6;0;39;39;0;3089;1;5;267;2;4;4
Hoogvliet;Rotterdam;Wijk;WK059916;2016;1;34240;16535;17705;5305;4175;8110;9885;6770;15365;13405;3235;2245;3280;8990;540;1970;3015;1030;2435;370;11;415;12;15860;5935;4400;5535;2,1;3644;16018;139;58;42;95;5;43;57;45;12;0;81;19;2760;2200;3140;3270;3390;4110;2370;3330;870;610;1050;1260;1600;1660;820;1070;17,5;27000;28,1;22,6;41;17,2;56,5;45;14,2;9,4;9,4;1420;1490;910;6600;1750;5;375;415;225;120;380;230;13690;4685;9005;12175;1515;0,9;1457;1085;875;0,6;0,7;0,9;0,5;11,5;1036;940;96;.;.;2;2031;6;7;7
Hoogvliet Noord;Rotterdam;Buurt;BU05991692;2016;1;12540;6190;6345;2200;1605;3280;3725;1735;6115;4610;1200;620;1250;4575;310;920;1630;645;1065;150;12;90;7;5545;1985;1320;2245;2,2;2718;5609;138;62;38;93;7;51;49;36;13;0;81;19;2770;2210;3100;3240;3320;4320;2390;3200;1030;890;1040;1290;1580;1440;1000;1080;6,2;9700;27,7;21,6;41,1;16,5;58,6;41,9;14,4;10,3;9,9;560;570;360;1690;870;5;185;205;135;55;195;90;5215;1675;3540;4470;745;0,9;1130;790;355;0,8;0,9;0,5;0,4;11,1;494;461;33;3194;5;2;1661;9;7;9
Hoogvliet Zuid;Rotterdam;Buurt;BU05991699;2016;1;21700;10340;11355;3105;2570;4825;6160;5035;9255;8795;2035;1625;2030;4415;230;1050;1380;385;1370;220;10;325;15;10310;3950;3080;3290;2,1;4538;10409;139;56;44;96;4;38;62;50;11;0;81;19;2760;2200;3160;3290;3490;3950;2360;3420;800;480;1050;1240;1630;1840;740;1060;23,7;17300;28,3;23,1;41;17,5;55,2;46,6;14,1;8,9;9,1;870;920;550;4920;880;5;190;210;85;65;185;140;8475;3010;5465;7705;770;0,8;1772;295;520;0,6;0,6;1,1;0,6;11,7;541;478;63;3192;5;2;2244;4;7;6
Hoek van Holland;Rotterdam;Wijk;WK059917;2016;1;10155;5020;5130;1510;1055;2290;2960;2335;4235;4385;885;655;850;510;50;80;105;55;215;95;10;100;10;4695;1620;1505;1575;2,2;709;5641;207;73;27;80;20;40;44;37;7;16;87;13;3140;1990;3020;3230;4060;4650;2280;3420;1360;800;1110;1340;1640;2580;1050;1210;.;8300;31,4;26;37;21,9;59;38,3;21,6;6,1;5,7;230;360;200;2280;845;70;175;190;55;110;155;95;4800;1680;3125;4315;485;1;335;530;380;0,9;0,7;0,7;0,7;3,1;1866;1433;432;.;.;3;1031;6;7;6
Strand en Duin;Rotterdam;Buurt;BU05991701;2016;1;2155;1110;1040;425;235;595;580;325;1015;970;105;70;155;60;5;5;15;5;35;35;17;10;6;825;145;305;385;2,6;528;1694;335;92;8;45;55;.;.;.;.;.;70;30;4110;2880;3360;3890;4590;.;2880;3760;1790;210;1050;1310;1670;.;1160;1180;8,8;1700;41,4;32,7;29,2;35,8;68,4;11,4;46,4;1;0,9;0;30;30;320;255;10;30;70;20;40;60;25;1150;490;660;1005;145;1,4;281;100;100;1,7;1,6;1,2;1,5;3,6;590;409;181;3151;1;4;681;6;11;7
Dorp;Rotterdam;Buurt;BU05991702;2016;1;7925;3870;4055;1075;815;1685;2360;1995;3190;3385;775;580;690;445;45;75;90;50;180;60;8;85;11;3835;1465;1195;1185;2,1;2439;3916;180;64;36;95;5;39;60;54;7;0;94;6;2650;1900;2940;3070;3580;4860;2260;3260;1110;860;1130;1350;1630;2660;1040;1220;.;6600;28,9;24,2;38,9;18,4;56,4;44,2;16,2;7,2;6,7;230;330;170;1950;530;50;120;110;35;60;90;65;3600;1170;2430;3265;335;0,9;1107;350;275;0,6;0,5;0,5;0,5;3;380;325;55;3151;1;3;1206;6;6;6
Rijnpoort;Rotterdam;Buurt;BU05991703;2016;1;70;35;30;15;10;15;15;15;35;30;5;5;0;0;0;0;0;0;0;0;14;0;43;25;10;10;15;2,4;10;31;.;84;16;81;19;48;45;0;45;6;90;10;3840;.;.;.;.;3940;.;.;.;.;.;.;.;.;.;.;.;100;.;.;.;.;.;.;.;.;.;0;0;0;10;60;10;20;15;5;5;5;5;55;20;35;45;10;.;.;80;5;2,6;2,5;2,4;2,4;2,4;896;699;197;3151;1;5;61;29;43;0
Spaanse Polder;Rotterdam;Wijk;WK059918;2016;1;95;50;40;10;5;30;40;15;40;40;10;10;10;5;0;0;5;0;0;0;21;0;21;50;25;20;15;1,9;52;35;.;46;54;57;43;34;63;0;63;3;100;0;3000;.;.;.;.;.;.;4440;2860;.;.;.;.;2250;.;1960;.;100;.;.;.;.;.;.;.;.;.;0;0;0;10;815;0;140;340;75;80;155;30;1185;1005;185;545;645;.;.;915;25;1,4;1,4;1,1;1,4;18,2;204;184;20;.;.;3;1480;32;242;242
Spaanse Polder;Rotterdam;Buurt;BU05991853;2016;1;95;50;40;10;5;30;40;15;40;40;10;10;10;5;0;0;5;0;0;0;21;0;21;50;25;20;15;1,9;52;35;.;46;54;57;43;34;63;0;63;3;100;0;3000;.;.;.;.;.;.;4440;2860;.;.;.;.;2250;.;1960;.;100;.;.;.;.;.;.;.;.;.;0;0;0;10;815;0;140;340;75;80;155;30;1185;1005;185;545;645;.;.;915;25;1,4;1,4;1,1;1,4;18,2;204;184;20;3044;1;3;1480;32;242;242
Nieuw Mathenesse;Rotterdam;Wijk;WK059919;2016;3;15;10;0;0;0;5;5;5;5;5;10;0;0;5;0;0;0;5;0;0;0;0;0;10;10;5;5;1,3;13;7;.;.;.;.;.;.;.;.;.;.;.;.;.;.;.;.;.;.;.;.;.;.;.;.;.;.;.;.;14,3;0;.;.;.;.;.;.;.;.;.;.;.;.;.;330;0;30;95;40;30;105;30;165;105;60;75;90;.;.;130;0;0,9;0,8;1,2;1;27,1;207;123;84;.;.;1;2900;.;.;.
Nieuw Mathenesse;Rotterdam;Buurt;BU05991926;2016;3;15;10;0;0;0;5;5;5;5;5;10;0;0;5;0;0;0;5;0;0;0;0;0;10;10;5;5;1,3;13;7;.;.;.;.;.;.;.;.;.;.;.;.;.;.;.;.;.;.;.;.;.;.;.;.;.;.;.;.;14,3;0;.;.;.;.;.;.;.;.;.;.;.;.;.;330;0;30;95;40;30;105;30;165;105;60;75;90;.;.;130;0;0,9;0,8;1,2;1;27,1;207;123;84;3029;1;1;2900;.;.;.
Waalhaven-Eemhaven;Rotterdam;Wijk;WK059921;2016;1;30;15;10;5;0;10;15;5;20;10;5;0;5;0;0;0;0;0;0;0;0;0;0;15;15;5;5;1,6;3;40;.;28;73;18;83;3;90;0;90;8;98;3;.;.;.;.;.;.;.;.;.;.;.;.;.;.;.;.;.;0;.;.;.;.;.;.;.;.;.;.;.;.;.;1110;0;155;185;540;85;115;30;1165;980;185;445;720;.;.;1435;15;4,1;1,5;3,9;4,1;2,3;1501;907;593;.;.;4;644;.;.;.
Waalhaven;Rotterdam;Buurt;BU05992194;2016;1;5;0;0;0;0;5;0;0;5;5;0;0;0;0;0;0;0;0;0;0;0;0;0;0;5;5;5;2;.;17;.;.;.;.;.;.;.;.;.;.;.;.;.;.;.;.;.;.;.;.;.;.;.;.;.;.;.;.;.;0;.;.;.;.;.;.;.;.;.;.;.;.;.;540;0;70;65;325;25;45;10;230;190;45;100;130;.;.;405;10;.;.;.;.;.;628;267;361;3087;3;3;1191;.;.;.
Eemhaven;Rotterdam;Buurt;BU05992196;2016;1;20;10;10;0;0;5;10;5;10;10;5;0;0;0;0;0;0;0;0;0;0;0;0;10;10;5;5;1,6;5;9;.;.;.;.;.;.;.;.;.;.;.;.;.;.;.;.;.;.;.;.;.;.;.;.;.;.;.;.;.;0;.;.;.;.;.;.;.;.;.;.;.;.;.;125;0;15;20;50;20;10;10;145;110;35;80;65;.;.;105;5;4,8;1,5;4,7;4,9;0,5;681;449;232;3089;3;5;326;.;.;.
Waalhaven Zuid;Rotterdam;Buurt;BU05992198;2016;1;0;0;0;0;0;0;0;0;5;0;0;0;0;0;0;0;0;0;0;0;0;0;0;0;5;0;0;1;.;14;.;.;.;.;.;.;.;.;.;.;.;.;.;.;.;.;.;.;.;.;.;.;.;.;.;.;.;.;.;0;.;.;.;.;.;.;.;.;.;.;.;.;.;440;0;70;100;165;45;60;5;785;680;105;270;520;.;.;925;0;.;.;.;.;.;191;191;1;3088;1;5;363;.;.;.
Vondelingenplaat;Rotterdam;Wijk;WK059922;2016;1;0;0;0;0;0;0;0;0;0;0;0;0;0;0;0;0;0;0;0;0;0;0;0;0;0;0;0;.;.;2;.;.;.;.;.;.;.;.;.;.;.;.;.;.;.;.;.;.;.;.;.;.;.;.;.;.;.;.;.;0;.;.;.;.;.;.;.;.;.;.;.;.;.;45;0;15;5;15;0;10;0;35;25;10;5;30;.;.;130;0;.;.;.;.;.;951;722;229;.;.;5;198;;;
Vondelingenplaat;Rotterdam;Buurt;BU05992295;2016;1;0;0;0;0;0;0;0;0;0;0;0;0;0;0;0;0;0;0;0;0;0;0;0;0;0;0;0;.;.;2;.;.;.;.;.;.;.;.;.;.;.;.;.;.;.;.;.;.;.;.;.;.;.;.;.;.;.;.;.;0;.;.;.;.;.;.;.;.;.;.;.;.;.;45;0;15;5;15;0;10;0;35;25;10;5;30;.;.;130;0;.;.;.;.;.;951;722;229;3196;1;5;198;;;
Botlek-Europoort-Maasvlakte;Rotterdam;Wijk;WK059923;2016;1;5;0;0;0;0;0;5;0;0;5;0;0;0;0;0;0;0;0;0;0;0;0;167;0;0;5;5;2;.;5;.;.;.;.;.;.;.;.;.;.;.;.;.;.;.;.;.;.;.;.;.;.;.;.;.;.;.;.;.;0;.;.;.;.;.;.;.;.;.;.;.;.;.;340;0;90;70;110;15;45;0;255;200;55;115;140;.;.;795;5;.;.;.;.;.;10417;6495;3922;.;.;5;58;.;.;.
Botlek;Rotterdam;Buurt;BU05992306;2016;1;0;0;0;0;0;0;5;0;0;0;0;0;0;0;0;0;0;0;0;0;0;0;250;0;0;5;5;2;.;3;.;.;.;.;.;.;.;.;.;.;.;.;.;.;.;.;.;.;.;.;.;.;.;.;.;.;.;.;.;0;.;.;.;.;.;.;.;.;.;.;.;.;.;195;0;55;40;65;5;30;0;155;120;30;70;80;.;.;560;5;.;.;.;.;.;2473;1628;845;3197;1;5;113;.;.;.
Europoort;Rotterdam;Buurt;BU05992307;2016;1;0;0;0;0;0;0;0;0;0;5;0;0;0;0;0;0;0;0;0;0;0;0;0;0;0;5;0;2;.;2;.;.;.;.;.;.;.;.;.;.;.;.;.;.;.;.;.;.;.;.;.;.;.;.;.;.;.;.;.;0;.;.;.;.;.;.;.;.;.;.;.;.;.;95;0;25;25;25;5;15;0;75;55;15;35;40;.;.;205;0;.;.;.;.;.;3404;1830;1574;3198;1;5;21;.;.;.
Maasvlakte;Rotterdam;Buurt;BU05992308;2016;1;0;0;0;0;0;0;0;0;0;0;0;0;0;0;0;0;0;0;0;0;0;0;0;0;0;0;0;.;.;0;.;.;.;.;.;.;.;.;.;.;.;.;.;.;.;.;.;.;.;.;.;.;.;.;.;.;.;.;.;0;.;.;.;.;.;.;.;.;.;.;.;.;.;50;0;15;5;20;5;5;0;30;25;5;10;20;.;.;35;0;.;.;.;.;.;4541;3037;1504;3199;1;5;7;;;
Rotterdam-Noord-West;Rotterdam;Wijk;WK059924;2016;1;10;5;0;0;5;5;0;0;10;0;5;0;0;0;0;0;0;0;0;0;0;0;0;10;10;0;0;1;9;1;.;.;.;.;.;.;.;.;.;.;.;.;.;.;.;.;.;.;.;.;.;.;.;.;.;.;.;.;.;0;.;.;.;.;.;.;.;.;.;.;.;.;.;635;0;95;245;80;60;140;15;670;490;180;215;455;.;.;950;5;2,5;2,6;2,2;2;2,2;116;111;6;.;.;4;530;.;.;.
Bedrijvenpark Noord-West;Rotterdam;Buurt;BU05992459;2016;1;10;5;0;0;5;5;0;0;10;0;5;0;0;0;0;0;0;0;0;0;0;0;0;10;10;0;0;1;9;1;.;.;.;.;.;.;.;.;.;.;.;.;.;.;.;.;.;.;.;.;.;.;.;.;.;.;.;.;.;0;.;.;.;.;.;.;.;.;.;.;.;.;.;635;0;95;245;80;60;140;15;670;490;180;215;455;.;.;950;5;2,5;2,6;2,2;2;2,2;116;111;6;3047;1;4;530;.;.;.
Rivium;Rotterdam;Wijk;WK059925;2016;1;0;0;0;0;0;0;0;0;0;0;0;0;0;0;0;0;0;0;0;0;0;0;0;0;0;0;0;.;.;0;.;.;.;.;.;.;.;.;.;.;.;.;.;.;.;.;.;.;.;.;.;.;.;.;.;.;.;.;.;0;.;.;.;.;.;.;.;.;.;.;.;.;.;40;0;0;5;5;10;20;0;20;15;5;5;15;.;.;5;0;.;.;.;.;.;12;10;2;.;.;3;1042;;;
Rivium;Rotterdam;Buurt;BU05992540;2016;1;0;0;0;0;0;0;0;0;0;0;0;0;0;0;0;0;0;0;0;0;0;0;0;0;0;0;0;.;.;0;.;.;.;.;.;.;.;.;.;.;.;.;.;.;.;.;.;.;.;.;.;.;.;.;.;.;.;.;.;0;.;.;.;.;.;.;.;.;.;.;.;.;.;40;0;0;5;5;10;20;0;20;15;5;5;15;.;.;5;0;.;.;.;.;.;12;10;2;3065;1;3;1042;;;
Bedrijventerrein Schieveen;Rotterdam;Wijk;WK059926;2016;1;0;0;0;0;0;0;0;0;0;0;0;0;0;0;0;0;0;0;0;0;0;0;0;0;0;0;0;.;.;0;.;.;.;.;.;.;.;.;.;.;.;.;.;.;.;.;.;.;.;.;.;.;.;.;.;.;.;.;.;0;.;.;.;.;.;.;.;.;.;.;.;.;.;.;.;.;.;.;.;.;.;0;0;0;0;0;.;.;0;0;.;.;.;.;.;152;152;0;.;.;5;34;;;
Bedrijventerrein Schieveen;Rotterdam;Buurt;BU05992650;2016;1;0;0;0;0;0;0;0;0;0;0;0;0;0;0;0;0;0;0;0;0;0;0;0;0;0;0;0;.;.;0;.;.;.;.;.;.;.;.;.;.;.;.;.;.;.;.;.;.;.;.;.;.;.;.;.;.;.;.;.;0;.;.;.;.;.;.;.;.;.;.;.;.;.;.;.;.;.;.;.;.;.;0;0;0;0;0;.;.;0;0;.;.;.;.;.;152;152;0;3046;1;5;34;;;
Rozenburg;Rotterdam;Wijk;WK059927;2016;1;12420;6155;6260;1960;1385;2880;3590;2610;5105;5515;1110;700;1270;1225;65;215;175;280;485;115;9;100;8;5700;1930;1825;1955;2,2;2747;5772;154;66;34;97;3;55;45;41;4;0;93;7;2990;2580;3110;3210;3830;4060;2560;3360;1120;800;1170;1380;1630;2080;950;1260;.;9800;31,2;24,9;38;22,5;57,4;36,1;17,8;6,2;5,6;310;470;280;2540;560;10;105;140;40;50;125;90;5690;1965;3725;5110;580;1;1258;385;480;1,2;0,5;0,8;0,7;4;650;452;198;.;.;3;1203;4;8;4
Rozenburg;Rotterdam;Buurt;BU05992704;2016;1;12420;6155;6260;1960;1385;2880;3590;2610;5105;5515;1110;700;1270;1225;65;215;175;280;485;110;9;100;8;5700;1930;1825;1955;2,2;3827;5772;154;66;34;97;3;55;45;41;4;0;93;7;2990;2580;3110;3210;3830;4060;2560;3360;1120;800;1170;1380;1630;2080;950;1260;.;9800;31,2;24,9;38;22,5;57,4;36,1;17,8;6,2;5,6;310;470;280;2540;560;10;105;140;40;50;125;90;5690;1965;3725;5110;580;1;1753;385;480;1,2;0,5;0,8;0,7;4;411;325;86;3181;1;3;1204;4;8;4
Noordzeeweg;Rotterdam;Buurt;BU05992705;2016;1;0;0;0;0;0;0;0;0;0;0;0;0;0;0;0;0;0;0;0;0;0;0;0;0;0;0;0;.;.;0;.;.;.;.;.;.;.;.;.;.;.;.;.;.;.;.;.;.;.;.;.;.;.;.;.;.;.;.;.;0;.;.;.;.;.;.;.;.;.;.;.;.;.;0;.;.;.;.;.;.;.;0;0;0;0;0;.;.;0;0;.;.;.;.;.;239;128;111;3181;1;5;234;;;
